ID,Domain,Need,Metric,Threshold,Goal,Verification,Basis,Status
SCI-001,Science,Resolve horizon-scale variability,Angular resolution,<= 10 uas,<= 2 uas,Analysis/simulation,ASTRA source; proposed thresholds,Open
SCI-002,Science,Detect compact variable sources,Correlated flux density at SNR 5,40 mJy over justified cadence,TBD,Sensitivity model + target catalog,ASTRA source,Open
SCI-003,Science,Time-resolve variability,Science cadence,<= 60 s for bright targets,<= 10 s,End-to-end simulation,ASTRA source,Open
OBS-001,Observing,Support polarimetric monitoring,Polarizations,Dual linear or circular,Full Stokes,Receiver/data design,ASTRA source,Open
PAY-001,Payload,Baseline observing frequency,Center frequency,86 GHz,Multi-band roadmap to 690 GHz,Design review,ASTRA source,Draft
PAY-002,Payload,Receiver sensitivity,System temperature,150 K assumption,Lower through design,Test/analysis,Dual-mode note,Assumption
PAY-003,Payload,Aperture efficiency,Efficiency,0.65 assumption,>=0.65,Test/analysis,Dual-mode note,Assumption
TIM-001,Timing,Preserve interferometric coherence,Coherence factor,>=0.90 over integration,>=0.95,Timing simulation/test,Proposed,Open
DAT-001,Data,Record observations,Raw data rate,Parametric,TBD,Analysis,Proposed,Open
DAT-002,Data,Store one observing pass,Usable storage,>= one pass + margin,TBD,Analysis/test,ASTRA source,Open
ORB-001,Orbit,Provide useful evolving baselines,Maximum baseline,Trade variable,Supports resolution threshold,Orbit simulation,Proposed,Open
OPS-001,Operations,Observe selected target,Daily observing availability,10 h/day for >2 months,TBD,Mission simulation,ASTRA source,Open
GNC-001,Pointing,Maintain target and link pointing,Pointing error,TBD,Derived from antenna beam,Simulation/test,ASTRA source,Open
MEC-001,Mechanisms,Deploy reflector,Deployment success,TBD,>0.99 mission-level allocation,Test,ASTRA source,Open
RVD-001,Docking,Rendezvous/dock or equivalent transfer,Relative navigation and capture,TBD,TBD,Simulation/test,ASTRA source,Open
